HBSC_id,Short_name,Survey_years_available,Age_groups_available,Measure_type,Measure_description,Chart_title_gender,Significance_text_gender,Notes_2014_gender,Notes_2018_gender,Notes_2022_gender,Chart_title_FAS,Significance_text_FAS,Notes_2014_FAS,Notes_18_FAS,Notes_22_FAS
,,,,,,,,,,,,,,,
sr_health,Self-rated health,"2014
2018
2022","11-year-olds
13-year-olds
15-year-olds",PERCENT,"Young people were asked to describe their health (""Would you say your health is â€¦ ?""). Response options were excellent, good, fair and poor. Findings presented here show the proportions reporting their health as excellent.",who rate their health as excellent,Note: country/region name in bold indicates a significant gender difference (at P < 0.05).,Significance of gender differences is not presented,Significance of gender differences is not presented,No data were received from Malta.,Prevalence by family affluence: excellent health by country/region and gender,Note: bold indicates a significant difference in prevalence by family affluence group (at P < 0.05). Low- and high-affluence groups represent the lowest 20% and highest 20% in each country/region.,No data is presented for Armenia. Statistical significance is not shown.,Statistical significance is not shown.,No data were received from Malta.
,,,,,,,,,,,,,,,
multihealth,Multiple health complaints,"2014
2018
2022","11-year-olds
13-year-olds
15-year-olds",PERCENT,Young people were asked how often they had experienced the following symptoms in the last six months: headache; stomach ache; backache; feeling low; feeling irritable or bad tempered; feeling nervous; difficulties in getting to sleep; and feeling dizzy. Response options for each symptom ranged from about every day to rarely or never. Findings presented here show the proportions with multiple (two or more) health complaints more than once a week in the last six months.,who report multiple health complaints more than once a week,Note: country/region name in bold indicates a significant gender difference (at P < 0.05).,Statistical significance is not shown.,Statistical significance is not shown.,,Prevalence by family affluence: multiple health complaints by country/region and gender,Note: bold indicates a significant difference in prevalence by family affluence group (at P < 0.05). Low- and high-affluence groups represent the lowest 20% and highest 20% in each country/region.,Statistical significance is not shown.,Statistical significance is not shown.,
,,,,,,,,,,,,,,,
d_headache,Individual health complaints: headache,"2014
2018
2022","11-year-olds
13-year-olds
15-year-olds",PERCENT,Young people were asked how often they had experienced a headache in the last six months. Response options ranged from about every day to rarely or never.  Findings presented here show the proportions who reported experiencing a headache more than once a week.,who report experiencing a headache more than once a week,Note: country/region name in bold indicates a significant gender difference (at P < 0.05).,Statistical significance is not shown.,Statistical significance is not shown.,,Prevalence by family affluence: headache more than once a week by country/region and gender,Note: bold indicates a significant difference in prevalence by family affluence group (at P < 0.05). Low- and high-affluence groups represent the lowest 20% and highest 20% in each country/region.,Statistical significance is not shown.,Statistical significance is not shown.,
,,,,,,,,,,,,,,,
d_stomach,Individual health complaints: stomach ache,"2014
2018
2022","11-year-olds
13-year-olds
15-year-olds",PERCENT,Young people were asked how often they had experienced a stomache ache in the last six months. Response options ranged from about every day to rarely or never. Findings presented here show the proportions who reported experiencing stomache ache more than once a week.,who report stomache ache more than once a week,Note: country/region name in bold indicates a significant gender difference (at P < 0.05).,Statistical significance is not shown.,Statistical significance is not shown.,,Prevalence by family affluence: stomach ache more than once a week by country/region and gender,Note: bold indicates a significant difference in prevalence by family affluence group (at P < 0.05). Low- and high-affluence groups represent the lowest 20% and highest 20% in each country/region.,Statistical significance is not shown.,Statistical significance is not shown.,
,,,,,,,,,,,,,,,
d_feellow,Individual health complaints: feeling low,"2014
2018
2022","11-year-olds
13-year-olds
15-year-olds",PERCENT,Young people were asked how often they had experienced feeling low in the last six months. Response options ranged from about every day to rarely or never.  Findings presented here show the proportions who reported feeling low more than once a week.,who report feeling low more than once a week,Note: country/region name in bold indicates a significant gender difference (at P < 0.05).,Statistical significance is not shown.,Statistical significance is not shown.,,Prevalence by family affluence: feeling low more than once a week by country/region and gender,Note: bold indicates a significant difference in prevalence by family affluence group (at P < 0.05). Low- and high-affluence groups represent the lowest 20% and highest 20% in each country/region.,Statistical significance is not shown.,Statistical significance is not shown.,
,,,,,,,,,,,,,,,
d_nervous,Individual health complaints: feeling nervous,"2014
2018
2022","11-year-olds
13-year-olds
15-year-olds",PERCENT,Young people were asked how often they had experienced feeling nervous in the last six months. Response options ranged from about every day to rarely or never. Findings presented here show the proportions who reported feeling nervous more than once a week.,who report feeling nervous more than once a week,Note: country/region name in bold indicates a significant gender difference (at P < 0.05).,Statistical significance is not shown.,Statistical significance is not shown.,,Prevalence by family affluence: feeling nervous by country/region and gender,Note: bold indicates a significant difference in prevalence by family affluence group (at P < 0.05). Low- and high-affluence groups represent the lowest 20% and highest 20% in each country/region.,Statistical significance is not shown.,Statistical significance is not shown.,
,,,,,,,,,,,,,,,
d_sleep,Individual health complaints: sleep difficulties,"2014
2018
2022","11-year-olds
13-year-olds
15-year-olds",PERCENT,Young people were asked how often they had experienced difficulties in getting to sleep in the last six months. Response options ranged from about every day to rarely or never. Findings presented here show the proportions who reported experiencing difficulties getting to sleep more than once a week.,who report experiencing difficulties getting to sleep more than once a week.,Note: country/region name in bold indicates a significant gender difference (at P < 0.05).,Statistical significance is not shown.,Statistical significance is not shown.,,Prevalence by family affluence: sleep difficulties more than once a week by country/region and gender,Note: bold indicates a significant difference in prevalence by family affluence group (at P < 0.05). Low- and high-affluence groups represent the lowest 20% and highest 20% in each country/region.,Statistical significance is not shown.,Statistical significance is not shown.,
,,,,,,,,,,,,,,,
d_back,Individual health complaints: backache,"2014
2018
2022","11-year-olds
13-year-olds
15-year-olds",PERCENT,Young people were asked how often they had backache in the last six months. Response options ranged from about every day to rarely or never. Findings presented here show the proportions who reported experiencing backache more than once a week.,who report backache more than once a week,Note: country/region name in bold indicates a significant gender difference (at P < 0.05).,Statistical significance is not shown.,Statistical significance is not shown.,,Prevalence by family affluence: backache more than once a week by country/region and gender,Note: bold indicates a significant difference in prevalence by family affluence group (at P < 0.05). Low- and high-affluence groups represent the lowest 20% and highest 20% in each country/region.,Statistical significance is not shown.,Statistical significance is not shown.,
,,,,,,,,,,,,,,,
d_irritable,Individual health complaints: feeling irritable,"2014
2018
2022","11-year-olds
13-year-olds
15-year-olds",PERCENT,Young people were asked how often they had felt irritable or bad tempered in the last six months. Response options ranged from about every day to rarely or never. Findings presented here show the proportions who reported feeling irritable more than once a week,who report feeling irritable more than once a week,Note: country/region name in bold indicates a significant gender difference (at P < 0.05).,Statistical significance is not shown.,Statistical significance is not shown.,,Prevalence by family affluence: feeling irritable by country/region and gender,Note: bold indicates a significant difference in prevalence by family affluence group (at P < 0.05). Low- and high-affluence groups represent the lowest 20% and highest 20% in each country/region.,Statistical significance is not shown.,Statistical significance is not shown.,
,,,,,,,,,,,,,,,
d_dizzy,Individual health complaints: feeling dizzy,"2014
2018
2022","11-year-olds
13-year-olds
15-year-olds",PERCENT,Young people were asked how often they had felt dizzy in the last six months. Response options ranged from about every day to rarely or never. Findings presented here show the proportions who reported feeling dizzy more than once a week.,who report feeling dizzy more than once a week,Note: country/region name in bold indicates a significant gender difference (at P < 0.05).,Statistical significance is not shown.,Statistical significance is not shown.,,Prevalence by family affluence: feeling dizzy by country/region and gender,Note: bold indicates a significant difference in prevalence by family affluence group (at P < 0.05). Low- and high-affluence groups represent the lowest 20% and highest 20% in each country/region.,Statistical significance is not shown.,Statistical significance is not shown.,
,,,,,,,,,,,,,,,
who5_high,Mental wellbeing (WHO-5 score),2022,"11-year-olds
13-year-olds
15-year-olds",MEAN_100,Young people were asked how often over the last two weeks they had: felt cheerful and in good spirits; calm and relaxed; active and vigorous; woken up feeling fresh and rested; and felt their daily life was filled with things that interested them. Response options ranged from all the time to at no time and were combined to make a score (from zero to 100). Higher scores indicate higher mental well-being. Mean mental well-being score is presented here.,: mean mental well-being score (WHO-5),Note: country/region name in bold indicates a significant gender difference (at P < 0.05).,,,"No data were available for Bulgaria, Serbia or Tajikistan (all ages) and Denmark (11-year-olds).",Mean mental well-being (WHO-5 score) by family affluence: shown by country/region and gender,Note: bold indicates a significant difference in prevalence by family affluence group (at P < 0.05). Low- and high-affluence groups represent the lowest 20% and highest 20% in each country/region.,,,"No data were available for Bulgaria, Serbia or Tajikistan (all ages) and Denmark (11-year-olds)."
,,,,,,,,,,,,,,,
d_lonely,Feeling lonely,2022,"11-year-olds
13-year-olds
15-year-olds",PERCENT,"Young people were asked how often they had felt lonely during the last year.  Response options were never, rarely, sometimes, most of the time and always. Findings presented here show the proportions  who reported feeling lonely most of the time or always.",who report feeling lonely most of the time or always,Note: country/region name in bold indicates a significant gender difference (at P < 0.05).,,,No data were received from North Macedonia (11- and 13-year olds).,Prevalence by family affluence: feeling lonely most of the time or always by country/region and gender,Note: bold indicates a significant difference in prevalence by family affluence group (at P < 0.05). Low- and high-affluence groups represent the lowest 20% and highest 20% in each country/region.,,,No data were received from North Macedonia (11- and 13-year olds).
,,,,,,,,,,,,,,,
lifesat_mean,Life satisfaction,"2014
2018
2022","11-year-olds
13-year-olds
15-year-olds",MEAN_10,Young people were asked to rate their life satisfaction using a visual analogue scale. The Cantril ladder has 11 steps: the top indicates the best possible life and the bottom the worst. Respondents were asked to indicate the ladder step at which they would place their lives at present (from zero to 10). Mean life satisfaction is presented here.,: mean life satisfaction,Note: country/region name in bold indicates a significant gender difference (at P < 0.05).,Statistical significance is not shown.,Statistical significance is not shown.,,Mean life satisfaction by family affluence: shown by country/region and gender,Note: bold indicates a significant difference in prevalence by family affluence group (at P < 0.05). Low- and high-affluence groups represent the lowest 20% and highest 20% in each country/region.,Statistical significance is not shown.,Statistical significance is not shown.,
,,,,,,,,,,,,,,,
d_selfeff_sol,Self-efficacy: problem-solving,2022,"11-year-olds
13-year-olds
15-year-olds",PERCENT,"Young people were asked about how often they can find a solution to a problem if they try hard enough. Response options were never, rarely, sometimes, most of the time and always. Findings presented here show the proportions who reported they can find solutions most of the time or always.",who report they can find solutions most of the time or always,Note: country/region name in bold indicates a significant gender difference (at P < 0.05).,,,No data were received from France.,Prevalence by family affluence: can find solutions most of the time or always by country/region and gender,Note: bold indicates a significant difference in prevalence by family affluence group (at P < 0.05). Low- and high-affluence groups represent the lowest 20% and highest 20% in each country/region.,,,No data were received from France.
,,,,,,,,,,,,,,,
d_selfeff_do,Sefl-efficacy: achieve goals,2022,"11-year-olds
13-year-olds
15-year-olds",PERCENT,"Young people were asked about how often they manage to do things they have decided to do. Response options were never, rarely, sometimes, most of the time and always. Findings presented here show the proportions who reported they can manage to do things they had decided to do most of the time or always.",who report they can manage to do things they decided to do most of the time or always,Note: country/region name in bold indicates a significant gender difference (at P < 0.05).,,,No data were received from France.,Prevalence by family affluence: can manage to do things they decided to do most of the time or always by country/region and gender,Note: bold indicates a significant difference in prevalence by family affluence group (at P < 0.05). Low- and high-affluence groups represent the lowest 20% and highest 20% in each country/region.,,,No data were received from France.
,,,,,,,,,,,,,,,
fight_3,FIGHTING,"2014
2018
2022","11-year-olds
13-year-olds
15-year-olds",PERCENT,"Young people were asked how many times in the past 12 months they had been involved in a physical fight. Response options ranged from, I have not been in a physical fight in the past 12 months to 4 times or more. Findings presented here show the proportions who reported physical fighting 3 times or more in the past 12 months.",who have been involved in a physical fight at least three times in the past 12 months,,Statistical significance is not shown.,Statistical significance is not shown.,,Prevalence by family affluence: involved in a physical fight at least three times in the past months by country/region and gender,Low- and high-affluence groups represent the lowest 20% and highest 20% in each country/region.,Statistical significance is not shown.,Statistical significance is not shown.,
beenbullied_2_3,BULLYING: BEING BULLIED,"2014
2018
2022","11-year-olds
13-year-olds
15-year-olds",PERCENT,"Young people were asked how often they had been bullied by (an)other person(s) at school in the past couple of months. Response options ranged from, I have not been bullied at school in the past couple of months to several times a week. Findings presented here show the proportions who reported being bullied at least two or three times a month in the past couple of months.",who have been bullied at school at least 2-3 times a month in the past couple of months,,Statistical significance is not shown.,Statistical significance is not shown.,No data were received from Switzerland,Prevalence by family affluence: been bullied at school at least 2-3 times a month in past couple of months by country/region and gender,Low- and high-affluence groups represent the lowest 20% and highest 20% in each country/region.,Statistical significance is not shown.,Statistical significance is not shown.,No data were received from Switzerland
bulliedothers_2_3,BULLYING: BULLYING OTHERS,"2014
2018
2022","11-year-olds
13-year-olds
15-year-olds",PERCENT,"Young people were asked how often they had taken part in bullying (an)other person(s) at school in the past couple of months. Response options ranged from, I have not bullied (an)other person(s) at school in the past couple of months to several times a week. Findings presented here show the proportions who reported bullying others at least two or three times a month in the past couple of months.",who have bullied others at school at least 2-3 times a month in the past couple of months,,Statistical significance is not shown.,Statistical significance is not shown.,No data were received from Switzerland,Prevalence by family affluence: bullied others at school at least 2-3 times a month in the past couple of months by country/region and gender,Low- and high-affluence groups represent the lowest 20% and highest 20% in each country/region.,Statistical significance is not shown.,Statistical significance is not shown.,No data were received from Switzerland
cbeenbullied_once,CYBERBULLYING: BEING BULLIED,"2018
2022","11-year-olds
13-year-olds
15-year-olds",PERCENT,"Young people were asked how often they had experienced cyberbullying (e.g., anyone sending mean instant messages, wall postings or emails, or someone posting or sharing photos or videos online without their permission). Response options ranged from, I have not been cyberbullied in the past couple of months to several times a week. Findings presented here show the proportions who had experienced cyberbullying at least once or twice a month in the past couple of months.",who have been cyberbullied at least once or twice in the past couple of months,,Statistical significance is not shown.,Statistical significance is not shown.,No data were received from Greenland,Prevalence by family affluence: been cyberbullied at least once or twice in the past couple of months by country/region and gender,Low- and high-affluence groups represent the lowest 20% and highest 20% in each country/region.,Statistical significance is not shown.,Statistical significance is not shown.,No data were received from Greenland
cbulliedothers_once,CYBERBULLYING: BULLYING OTHERS,"2018
2022","11-year-olds
13-year-olds
15-year-olds",PERCENT,"Young people were asked whether they had taken part in cyberbullying (e.g., sending mean instant messages, wall postings or emails, or posting or sharing photos or videos online without permission). Response options ranged from I have not cyberbullied another person in the past couple of months to several times a week. Findings presented here show the proportions who had cyberbullied others at least once or twice a month in the past couple of months.",who have cyberbullied others at least once or twice in the past couple of months,,Statistical significance is not shown.,Statistical significance is not shown.,No data were received from Greenland,Prevalence by family affluence: cyberbullied others at least once or twice in past couple of months by country/region and gender,Low- and high-affluence groups represent the lowest 20% and highest 20% in each country/region.,Statistical significance is not shown.,Statistical significance is not shown.,No data were received from Greenland
,,,,,,,,,,,,,,,
ever_smoked,TOBACCO USE: LIFETIME USE,"2014
2018
2022","11-year-olds
13-year-olds
15-year-olds",PERCENT,"Young people were asked on how many days they had smoked cigarettes in their lifetime. Response options were never, 1-2 days, 3-5 days, 6-9 days, 10-19 days, 20-29 days and 30 days (or more). Findings presented here show the proportions who had ever smoked a cigarette.",who have ever smoked ,,Note: no data were received from Greenland.,Note: no data were received from Greenland or Norway (11-year-olds).,Note: no data were received from Norway (11-year-olds).,Prevalence by family affluence: lifetime tobacco use by country/region and gender,Low- and high-affluence groups represent the lowest 20% and highest 20% in each country/region.,,,Note: no data were received from Norway (11-year-olds).
smoking_30once,TOBACCO USE: LAST 30 DAYS  (CURRENT) USE,"2014
2018
2022","11-year-olds
13-year-olds
15-year-olds",PERCENT,"Young people were asked on how many days they had smoked cigarettes in the last 30 days. Response options were never, 1-2 days, 3-5 days, 6-9 days, 10-19 days, 20-29 days and 30 days (or more). Findings presented here show the proportions who had smoked a cigarette at least once in the last 30 days.",who have smoked in the last 30 days,,Note: no data were received from Greenland.,Note: no data were received from Greenland or Norway (11-year-olds).,Note: no data were received from Norway (11-year-olds).,Prevalence by family affluence: tobacco use in last 30 days by country/region and gender,Low- and high-affluence groups represent the lowest 20% and highest 20% in each country/region.,,,Note: no data were received from Norway (11-year-olds).
alc_ever,ALCOHOL CONSUMPTION: LIFETIME USE,"2014
2018
2022","11-year-olds
13-year-olds
15-year-olds",PERCENT,"Young people were asked on how many days they had drunk alcohol in their lifetime. Response options were never, 1-2 days, 3-5 days, 6-9 days, 10-19 days, 20-29 days and 30 days (or more). Findings presented here show the proportions who had ever drunk alcohol.",who have ever drunk alcohol,,Note: no data were received from Greenland (11-year-olds) or Norway (11-year-olds).,Note: no data were received from Finland (11-year-olds) or  Norway (11-year-olds).,Note: no data were received from Norway (11-year-olds).,Prevalence by family affluence: lifetime alcohol consumption by country/region and gender,Low- and high-affluence groups represent the lowest 20% and highest 20% in each country/region.,,,Note: no data were received from Norway (11-year-olds).
alc_30once,ALCOHOL CONSUMPTION:  LAST 30 DAYS (CURRENT) USE,"2014
2018
2022","11-year-olds
13-year-olds
15-year-olds",PERCENT,"Young people were asked on how many occasions they had drunk alcohol in the last 30 days. Response options were never, 1-2 days, 3-5 days, 6-9 days, 10-19 days, 20-29 days and 30 days (or more). Findings presented here show the proportions who had drunk alcohol in the last 30 days. ",who have drunk alcohol in the last 30 days,,"Note: no data were received from Estonia (11-year-olds), Finland (11-year-olds),  Greenland (11-year-olds) or Norway (11-year-olds).",Note: no data were received from Finland (11-year-olds) or Norway (11-year-olds).,Note: no data were received from Norway (11-year-olds).,Prevalence by family affluence: alcohol consumption in last 30 days by country/region and gender,Low- and high-affluence groups represent the lowest 20% and highest 20% in each country/region.,,,Note: no data were received from Norway (11-year-olds).
drunk2,DRUNKENNESS: LIFETIME AT LEAST TWO TIMES,"2014
2018
2022","11-year-olds
13-year-olds
15-year-olds",PERCENT,"Young people were asked whether they had ever had so much alcohol that they were really drunk. Response options were no never, yes once, yes 2-3 times, yes 4-10 times and yes more than 10 times. Findings presented here show the proportions who had been drunk twice or more in their lifetime.",who have been drunk at least twice,,Note: no data were received from Finland (11-year-olds) or North Macedonia (11-year-olds).,Note: no data were received from Finland (11-year-olds) or Norway (11-year-olds).,"Note: no data were received from Denmark (Greenland) or Serbia. No data were received from Finland (11-year-olds), Norway (11-year-olds) and Tajikistan (11- and 13-year-olds).",Prevalence by family affluence: lifetime drunkenness by country/region and gender,Low- and high-affluence groups represent the lowest 20% and highest 20% in each country/region.,,,"Note: no data were received from Denmark (Greenland) or Serbia. No data were received from Finland (11-year-olds), Norway (11-year-olds) and Tajikistan (11- and 13-year-olds)."
drunk_30once,DRUNKENNESS: LAST 30 DAYS,"2014
2018
2022","11-year-olds
13-year-olds
15-year-olds",PERCENT,"Young people were asked on how many occasions in the last 30 days they had taken so much alcohol that they were really drunk. Response options were none, once, 2-3 times, 4-10 times and  more than 10 times. Findings presented here show the proportions who had been drunk on one or more occasion in the last 30 days.",who have been drunk in the last 30 days,,Note: no data were received from Finland (11-year-olds) or North Macedonia (11- and 13-year-olds) and Norway.,Note: no data were received from Finland (11- and 13-year-olds) or Norway (11-year-olds).,"Note: no data were received from Denmark (Greenland) or Serbia. No data were received from Finland (11-year-olds), Norway (11-year-olds) and Tajikistan (11- and 13-year-olds).",Prevalence by family affluence: drunkenness in the last 30 days by country/region and gender,Low- and high-affluence groups represent the lowest 20% and highest 20% in each country/region.,,,"Note: no data were received from Denmark (Greenland) or Serbia. No data were received from Finland (11-year-olds), Norway (11-year-olds) and Tajikistan (11- and 13-year-olds)."
cannabis_life,CANNABIS USE: LIFETIME USE,"2014
2018
2022",15-year-olds,PERCENT,"15-year-olds only were asked how often they had used cannabis in their lifetimes. Response options were never, 1-2 days, 3-5 days, 6-9 days, 10-19 days, 20-29 days and 30 days (or more). Findings presented here show the proportions who had used cannabis on at least one day in their lives (lifetime use).",who have ever used cannabis,,"Note: no data were received from Greece, Greenland or Norway.",Note: no data were received from Norway.,Note: no data were received from Norway and United Kingdom (England).,Prevalence by family affluence: lifetime cannabis use by country/region and gender,Low- and high-affluence groups represent the lowest 20% and highest 20% in each country/region.,,,Note: no data were received from Norway and United Kingdom (England).
cannabis_30,CANNABIS USE: LAST 30 DAYS  (CURRENT) USE,"2014
2018
2022",15-year-olds,PERCENT,"15-year-olds only were asked how often they had used cannabis during the last 30 days. Response options were never, 1-2 days, 3-5 days, 6-9 days, 10-19 days, 20-29 days and 30 days (or more). Findings presented here show the proportions who had used cannabis on at least one day in the last 30 days (current use).",who have used cannabis in the last 30 days,,"Note: no data were received from Greece, Greenland or Norway.",Note: no data were received from Norway.,Note: no data were received from Norway and United Kingdom (England).,Prevalence by family affluence: cannabis use in the last 30 days by country/region and gender,Low- and high-affluence groups represent the lowest 20% and highest 20% in each country/region.,,,Note: no data were received from Norway and United Kingdom (England).
ecig_life,ELECTRONIC CIGARETTE USE: LIFETIME USE,2022,"11-year-olds
13-year-olds
15-year-olds",PERCENT,"Young people were asked on how many days they had used electronic cigarettes in their lifetime. Response options were never, 1-2 days, 3-5 days, 6-9 days, 10-19 days, 20-29 days and 30 days (or more). Findings presented here show the proportions who had ever used an electronic cigarette.",who have ever used an electronic cigarette,,,,"Note: no data were received from Denmark (Greenland), North Macedonia, the Republic of Moldova (11- and 13-year-olds) and Norway (11-year olds).",Prevalence by family affluence: lifetime electronic cigarette use by country/region and gender,Low- and high-affluence groups represent the lowest 20% and highest 20% in each country/region.,,,"Note: no data were received from Denmark (Greenland), North Macedonia, the Republic of Moldova (11- and 13-year-olds) and Norway (11-year olds)."
ecig_30,ELECTRONIC CIGARETTE USE: LAST 30 DAYS (CURRENT) USE,2022,"11-year-olds
13-year-olds
15-year-olds",PERCENT,"Young people were asked on how many days they had used electronic cigarettes in the last 30 days. Response options were never, 1-2 days, 3-5 days, 6-9 days, 10-19 days, 20-29 days and 30 days (or more). Findings presented here show the proportions who had used an electronic cigarette at least once in the last 30 days.",who have used an electronic cigarette in the last 30 days,,,,"Note: no data were received from Denmark (Greenland), North Macedonia, the Republic of Moldova (11- and 13-year-olds) and Norway (11-year olds).",Prevalence by family affluence: electronic cigarette use in the last 30 days by country/region and gender,Low- and high-affluence groups represent the lowest 20% and highest 20% in each country/region.,,,"Note: no data were received from Denmark (Greenland), North Macedonia, the Republic of Moldova (11- and 13-year-olds) and Norway (11-year olds)."
,,,,,,,,,,,,,,,
MPVA_7,MODERATE TO VIGOROUS PHYSICAL ACTIVITY,"2014
2018
2022","11-year-olds
13-year-olds
15-year-olds",PERCENT,"Young people were asked to report the number of days over the past week during which they were physically active for a total of at least 60 minutes. The question was introduced by text defining moderate-to-vigorous physical activity (MVPA) as any activity that increases the heart rate and makes the person get out of breath some of the time, with examples provided. Findings presented here show the proportions who report at least 60 minutes of MVPA daily.",who report at least 60 minutes of MVPA daily,Note: country/region name in bold indicates a significant gender difference (at P < 0.05).,Significance of gender differences is not presented,Significance of gender differences is not presented,No data were received from Switzerland,Prevalence by family affluence: MVPA by country/region and gender,Note: bold indicates a significant difference in prevalence by family affluence group (at P < 0.05). Low- and high-affluence groups represent the lowest 20% and highest 20% in each country/region.,,,Note: no data were received from Switzerland.
toofat,BODY IMAGE,"2014
2018
2022","11-year-olds
13-year-olds
15-year-olds",PERCENT,"Young people were asked about how they perceive their bodies. Response options ranged from much too thin to much too fat. Findings presented here show the proportions who reported perceiving their body to be too fat, defined as being a bit or much too fat. ",who think they are too fat,Note: country/region name in bold indicates a significant gender difference (at P < 0.05).,Significance of gender differences is not presented. No data were received for Iceland (11- and 13-year olds),Significance of gender differences is not presented. Mo data were received from Morth Macedonia and Norway.,No data were receieved from Norway and Scotland.,Prevalence by family affluence: feeling too fat by country/region and gender,Note: bold indicates a significant difference in prevalence by family affluence group (at P < 0.05). Low- and high-affluence groups represent the lowest 20% and highest 20% in each country/region.,No data were received for Iceland (11- and 13-year olds),Mo data were received from Morth Macedonia and Norway.,No data were receieved from Norway and Scotland.
VPA,VIGOROUS PHYSICAL ACTIVITY,2022,"11-year-olds
13-year-olds
15-year-olds",PERCENT,"Young people were asked to report the number of times per week they usually exercised in their free time (outside school hours), so much so that they got out of breath or sweated. Findings presented here show the proportions who participated in vigorous physical activity (VPA) three or more times per week. ",who report vigorous physical activity three or more times per week,Note: country/region name in bold indicates a significant gender difference (at P < 0.05).,,,No data were received from Poland (11-year-old Girls),Prevalence by family affluence: VPA by country/region and gender,Note: bold indicates a significant difference in prevalence by family affluence group (at P < 0.05). Low- and high-affluence groups represent the lowest 20% and highest 20% in each country/region.,,,No data were received from Poland (11-year-old Girls)
break_wd,DAILY BREAKFAST CONSUMPTION ON WEEKDAYS,"2014
2018
2022","11-year-olds
13-year-olds
15-year-olds",PERCENT,"Young people were asked how often they eat breakfast, defined as more than a glass of milk or fruit juice, on weekdays and at weekends. Findings presented here show the proportions reporting eating breakfast daily on weekdays.",who report eating breakfast daily on weekdays,Note: country/region name in bold indicates a significant gender difference (at P < 0.05).,Significance of gender differences is not presented,Significance of gender differences is not presented,No data were received from Tajikistan.,Prevalence by family affluence: daily breakfast consumption on weekdays by country/region and gender,Note: bold indicates a significant difference in prevalence by family affluence group (at P < 0.05). Low- and high-affluence groups represent the lowest 20% and highest 20% in each country/region.,,,No data were received from Tajikistan.
fruit_dly,FRUIT CONSUMPTION,"2014
2018
2022","11-year-olds
13-year-olds
15-year-olds",PERCENT,"Young people were asked how often they eat fruit. Response options ranged from never to every day, more than once. Findings presented here show the proportions who reported eating fruit daily (at least once). ",who report eating fruit daily,Note: country/region name in bold indicates a significant gender difference (at P < 0.05).,Significance of gender differences is not presented,Significance of gender differences is not presented,Note: no data were received from Belgium (French).,Prevalence by family affluence: eating fruit daily by country/region and gender,Note: bold indicates a significant difference in prevalence by family affluence group (at P < 0.05). Low- and high-affluence groups represent the lowest 20% and highest 20% in each country/region.,,,No data were received from Belgium (French).
veget_dly,DAILY VEGETABLE CONSUMPTION,"2014
2018
2022","11-year-olds
13-year-olds
15-year-olds",PERCENT,"Young people were asked how often they eat vegetables. Response options ranged from never to every day, more than once. Findings presented here show the proportions who reported eating vegetables daily (at least once). ",who report eating vegetables daily,Note: country/region name in bold indicates a significant gender difference (at P < 0.05).,Significance of gender differences is not presented,Significance of gender differences is not presented,Note: no data were received from Belgium (French).,Prevalence by family affluence: eating vegetables daily by country/region and gender,Note: bold indicates a significant difference in prevalence by family affluence group (at P < 0.05). Low- and high-affluence groups represent the lowest 20% and highest 20% in each country/region.,,,No data were received from Belgium (French).
sweets_dly,DAILY SWEETS AND CHOCOLATE CONSUMPTION,"2014
2018
2022","11-year-olds
13-year-olds
15-year-olds",PERCENT,"Young people were asked how often they eat sweets (including chocolate). Response options ranged from never to every day, more than once. Findings presented here show the proportions who reported eating sweets daily (at least once). ",who report eating sweets (including chocolate) daily,Note: country/region name in bold indicates a significant gender difference (at P < 0.05).,Significance of gender differences is not presented,Significance of gender differences is not presented,Note: no data were received from Belgium (French).,Prevalence by family affluence: eating sweets (including chocolate) daily by country/region and gender,Note: bold indicates a significant difference in prevalence by family affluence group (at P < 0.05). Low- and high-affluence groups represent the lowest 20% and highest 20% in each country/region.,,,No data were received from Belgium (French).
drink_dly,DAILY CONSUMPTION OF SUGARY SOFT-DRINKS ,"2014
2018
2022","11-year-olds
13-year-olds
15-year-olds",PERCENT,"Young people were asked to report their usual frequency of sugary soft-drinks consumption, with response categories ranging from never to more than once a day. Findings presented here show the proportions who reported drinking sugary soft drinks daily (at least once). ",who report drinking sugary soft drinks daily,Note: country/region name in bold indicates a significant gender difference (at P < 0.05).,Significance of gender differences is not presented,Significance of gender differences is not presented,Note: no data were received from Belgium (French).,Prevalence by family affluence: drinking sugary soft drinks daily by country/region and gender,Note: bold indicates a significant difference in prevalence by family affluence group (at P < 0.05). Low- and high-affluence groups represent the lowest 20% and highest 20% in each country/region.,,,No data were received from Belgium (French).
oweight_who,OVERWEIGHT AND OBESITY,"2014
2018
2022","11-year-olds
13-year-olds
15-year-olds",PERCENT,Young people were asked to give their height (without shoes) and weight (without clothes). Body mass index (BMI) was calculated from this information and cut-offs for overweight and obesity allocated based on the WHO growth reference for age. Findings presented here show the proportions who were overweight or obese.,who are overweight or obese (based on WHO growth reference),Note: country/region name in bold indicates a significant gender difference (at P < 0.05).,"Significance of gender differences is not presented.  Country/region and age-group samples missing more than 50% of BMI data have been removed, including England (11- and 13-year olds), Greenland (11- and 13-year-old girls). Ireland, Malta (11-year-olds),  Romania (11-year-old girls), Scotland and Wales (11 & 13-year-olds).","Significance of gender differences is not presented.  Note: no data were received from England (11- and 13-year-olds).  Country/region and age-group samples missing more than 50% of BMI data have been removed, including England (15-year-olds), Greenland 11- and 13-yearolds and 15-year-old boys), Ireland, Scotland and Wales.","Note: no data were received from Scotland and England (11- and 13-year-olds). Country/region and age-group samples missing more than 50% of BMI data have been removed, including England (15-year-old girls), Greenland, Ireland, Norway (11-year-old girls), Romania, and Wales.  ",Prevalence by family affluence: overweight or obese (based on WHO growth reference) by country/region and gender,Note: bold indicates a significant difference in prevalence by family affluence group (at P < 0.05). Low- and high-affluence groups represent the lowest 20% and highest 20% in each country/region.," Country/region and gender samples missing more than 50% of BMI data have been removed, including England (Girls), Ireland,  Scotland and Wales.","Note: no data were received from England (11- and 13-year-olds). Country/region and gender samples missing more than 50% of BMI data have been removed, including England (15-year-olds), Greenland , Ireland, Scotland and Wales.","No data were received from Scotland and England) (11- and 13-year-olds). Country/region and gender samples missing more than 50% of BMI data have been removed, including England, Greenland, Ireland,  Romania, and Wales.  "
thin_who,UNDERWEIGHT,"2014
2018
2022","11-year-olds
13-year-olds
15-year-olds",PERCENT,Young people were asked to give their height (without shoes) and weight (without clothes).  Body mass index (BMI) was calculated from this information and cut-offs for underweight applied based on the WHO growth reference for age. Findings presented here show the proportions who were underweight.,who are underweight (based on WHO growth reference) ,Note: country/region name in bold indicates a significant gender difference (at P < 0.05).,"Significance of gender differences is not presented.  Country/region and age-group samples missing more than 50% of BMI data have been removed, including England (11- and 13-year olds), Greenland (11- and 13-year-old girls). Ireland, Malta (11-year-olds),  Romania (11-year-old girls), Scotland and Wales (11 & 13-year-olds).","Significance of gender differences is not presented.  Note: no data were received from England (11- and 13-year-olds).  Country/region and age-group samples missing more than 50% of BMI data have been removed, including England (15-year-olds), Greenland 11- and 13-yearolds and 15-year-old boys), Ireland, Scotland and Wales.","Note: no data were received from Scotland and England) (11- and 13-year-olds). Country/region and age-group samples missing more than 50% of BMI data have been removed, including England (15-year-old girls), Greenland, Ireland, Norway (11-year-old girls), Romania, and Wales.  ",Prevalence by family affluence: underweight (based on WHO growth reference) by country/region and gender,Note: bold indicates a significant difference in prevalence by family affluence group (at P < 0.05). Low- and high-affluence groups represent the lowest 20% and highest 20% in each country/region.," Country/region and gender samples missing more than 50% of BMI data have been removed, including England (Girls), Ireland,  Scotland and Wales.","Note: no data were received from England (11- and 13-year-olds).  Country/region and gender samples missing more than 50% of BMI data have been removed, including England (15-year-olds), Greenland , Ireland, Scotland and Wales.","No data were received from Scotland and England) (11- and 13-year-olds). Country/region and gender samples missing more than 50% of BMI data have been removed, including England, Greenland, Ireland,  Romania, and Wales.  "
,,,,,,,,,,,,,,,
d_sex,SEXUAL INTERCOURSE,"2014
2018
2022",15-year-olds,PERCENT,"15-year-olds only were asked whether they had ever had sexual intercourse. The question was presented using colloquial terminology (such as ""having sex"") to ensure respondents understood it was about full penetrative sex. Findings presented here show the proportions who responded yes to having had sexual intercourse.",who have had sexual intercourse,Note: country/region name in bold indicates a significant gender difference (at P < 0.05).,Significance of gender differences is not presented. No data were received from Greenland and Norway,Significance of gender differences is not presented. No data were received from Azerbaijan and Norway,No data were received from Norway and Tajikistan.,Prevalence by family affluence: 15-year-olds who have had sexual intercourse by country/region and gender,Note: bold indicates a significant difference in prevalence by family affluence group (at P < 0.05). Low- and high-affluence groups represent the lowest 20% and highest 20% in each country/region.,,,Data are not presented for girls in Armenia as numbers reporting were too low for a reliable estimate of prevalence.  No data were received from Norway and Tajikistan.
d_condom,CONDOM USE AT LAST SEXUAL INTERCOURSE,"2014
2018
2022",15-year-olds,PERCENT,15-year-olds who have had sex were asked whether they or their partners had used a condom at their last sexual intercourse. Findings presented here show the proportions who responded yes to this question. ,who had used a condom at last sexual intercourse,Note: country/region name in bold indicates a significant gender difference (at P < 0.05).,Significance of gender differences is not presented. Data are not presented for girls in Armenia as numbers reporting  were too low for a reliable estimate of prevalence.  No data were received from Greenland or Norway. ,"Significance of gender differences is not presented. Data are not presented for girls in Armenia, Georgia  and Kazakhstan as numbers reporting  were too low for a reliable estimate of prevalence.  No data were received from Azerbaijan, Norway and Switzerland. ",Data are not presented for girls in Armenia or Kazakhstan as numbers reporting  were too low for a reliable estimate of prevalence. No data were received from Norway and Tajikistan. ,Prevalence by family affluence: 15-year-olds who used a condom at last sexual intercourse by country/region and gender,Note: bold indicates a significant difference in prevalence by family affluence group (at P < 0.05). Low- and high-affluence groups represent the lowest 20% and highest 20% in each country/region.,,,"Data are not presented for girls in Albania, Croatia, Cyprus, Denmark, Estonia, France, North Macedonia, Republic of Moldova, Serbia and Switzerland,  or for boys in Spain as numbers reporting were too low for a reliable estimate of prevalence. The following countries and regions provided data for girls and boys but in insufficient quantities to enable prevalence to be established: Armenia, Belgium (French), Bulgaria, Greenland, Finland, Ireland, Kazakhstan, Kyrgyzstan, Lithuania, Malta, Netherlands , Slovakia, England and Scotland.  No data were received from Norway and Tajikistan."
d_pill,CONTRACEPTIVE PILL USE AT LAST SEXUAL INTERCOURSE,"2014
2018
2022",15-year-olds,PERCENT,15-year-olds who have had sex were asked whether they or their partner had used the contraceptive pill at their last sexual intercourse. Findings presented here show the proportions who responded yes to this question. ,who had used the contraceptive pill at last sexual intercourse,Note: country/region name in bold indicates a significant gender difference (at P < 0.05).,"Significance of gender differences is not presented. Data are not presented for girls in Armenia or Croatia as numbers reporting  were too low for a reliable estimate of prevalence. No data were received from Greenland, Norway, Poland or Russian Federation.  ","Significance of gender differences is not presented. Data are not presented for girls in Albania, Armenia, Georgia or Kazakhstan or for boys in Greenland as numbers reporting  were too low for a reliable estimate of prevalence.No data were received from Azerbaijan, Norway and Switzerland. ",Data are not presented for girls in Armenia or Kazakhstan as numbers reporting  were too low for a reliable estimate of prevalence. No data were received from Norway and Tajikistan. ,Prevalence by family affluence: 15-year-olds who had used the contraceptive pill at last sexual intercourse by country/region and gender,Note: bold indicates a significant difference in prevalence by family affluence group (at P < 0.05). Low- and high-affluence groups represent the lowest 20% and highest 20% in each country/region.,,,"Data are not presented for girls in Albania, Croatia, Cyprus, Denmark, Estonia, France, North Macedonia, Republic of Moldova, Serbia and Switzerland, or for boys in Spain and Belgium (French), as numbers reporting were too low for a reliable estimate of prevalence.  The following countries and regions provided data for girls and boys but in insufficient quantities to enable prevalence to be established: Armenia, Bulgaria, England, Finland,  Greenland, Ireland, Kazakhstan, Kyrgyzstan,  Lithuania, Malta, Netherlands, Scotland and Slovakia. No data were received from Norway and Tajikistan."
d_nocontracept,USING NEITHER CONDOM  NOR CONTRACEPTIVE PILL  AT LAST SEXUAL INTERCOURSE,"2014
2018
2022",15-year-olds,PERCENT,15-year-olds who have had sex were asked whether they or their partner had used a condom or the contraceptive pill at their last sexual intercourse. Findings presented here show the proportions who reported that they or their partners had used neither a condom nor the contraceptive pill at their last sexual intercourse.,who had used neither a condom nor the contraceptive pill at last sexual intercourse,Note: country/region name in bold indicates a significant gender difference (at P < 0.05).,,"Significance of gender differences is not presented. Data are not presented for girls in Albania, Armenia, Georgia or Kazakhstan or for boys in Greenland as numbers reporting  were too low for a reliable estimate of prevalence. No data were received from Azerbaijan, Norway and Switzerland. ", Data are not presented for girls in  Armenia or Kazakhstan as numbers reporting  were too low for a reliable estimate of prevalence. No data were received from Norway and Tajikistan.,Prevalence by family affluence: 15-year-olds who had used neither a condom nor the contraceptive pill at last sexual intercourse by country/region and gender,Note: bold indicates a significant difference in prevalence by family affluence group (at P < 0.05). Low- and high-affluence groups represent the lowest 20% and highest 20% in each country/region.,,,"Data are not presented for girls in Albania, Croatia, Cyprus, Denmark, Estonia, France, North Macedonia, Republic of Moldova, Serbia and Switzerland, or for boys in Spain, as numbers reporting were too low for a reliable estimate of prevalence. The following countries and regions provided data for girls and boys but in insufficient quantities to enable prevalence to be established: Armenia, Belgium (French), Bulgaria, England, Finland, Greenland, Ireland, Kazakhstan, Kyrgyzstan, Lithuania, Malta, Netherlands, Scotland and Slovakia, No data were received from Norway and Tajikistan."
EMC_intensive,FREQUENCY OF ONLINE CONTACT WITH FRIENDS AND OTHERS,"2018
2022","11-year-olds
13-year-olds
15-year-olds",PERCENT,"Young people were asked how often they had online contact through social media with four categories of people: close friends, friends from a larger friend group, friends they had met through the Internet and other people (such as teachers, siblings, classmates and parents). The five response options ranged from never or almost never to almost all the time throughout the day. Findings presented here show the proportions reporting contact almost all of the time throughout the day (continuous online contact) with at least one of the four friendship categories. ", who report  continuous online contact with friends and others,Note: country/region name in bold indicates a significant gender difference (at P < 0.05).,,"No data were received from Greenland, Slovakia and Switzerland"," No data were received from Belgium (French), Slovakia and Switzerland. ",Prevalence by family affluence: continuous online communication by country/region and gender,Note: bold indicates a significant difference in prevalence by family affluence group (at P < 0.05). Low- and high-affluence groups represent the lowest 20% and highest 20% in each country/region.,,"No data were received from Greenland, Slovakia and Switzerland","No data were received from Belgium (French), Slovakia and Switzerland. "
SMPdum,PROBLEMATIC SOCIAL MEDIA USE,"2018
2022","11-year-olds
13-year-olds
15-year-olds",PERCENT,"Young people were asked to report about symptoms of problematic (addictive-like) social media use using the Social Media Disorder Scale, a nine-item measure to which respondents answered with yes or no. Findings presented here show the proportions who answered yes to six or more symptoms and were therefore categorized as problematic social media users.", who report problematic social media use,Note: country/region name in bold indicates a significant gender difference (at P < 0.05).,,"No data were received from Bulgaria, Greenland and Slovakia  ","no data were received from Denmark (11-year-olds), Greenland and Slovakia.",Prevalence by family affluence: problematic social media use by country/region and gender,Note: bold indicates a significant difference in prevalence by family affluence group (at P < 0.05). Low- and high-affluence groups represent the lowest 20% and highest 20% in each country/region.,,"No data were received from Bulgaria, Greenland and Slovakia  ","No data were received from Denmark (11-year-olds), Greenland and Slovakia."
,,,,,,,,,,,,,,,
studsup_cutoff,CLASSMATE SUPPORT,"2014
2018
2022","11-year-olds
13-year-olds
15-year-olds",PERCENT,"Young people were asked how much they agreed or disagreed with three statements about their classmates, and their responses were combined into a mean score from 1 to 5. Findings presented here are the proportions of pupils who reported classmate support of 4 or higher. ","
 who report feeling high classmate support",Note: country/region name in bold indicates a significant gender difference (at P < 0.05).,Significance of gender differences is not presented.  ,No data are presented  for Latvia or Poland.,,Prevalence by family affluence: high classmate support by country/region and gender,Note: bold indicates a significant difference in prevalence by family affluence group (at P < 0.05). Low- and high-affluence groups represent the lowest 20% and highest 20% in each country/region.,Significance of prevalence differences by affluence group is not presented.  No data are presented for Armenia and Lithuania.  ,No data are presented  for Latvia or Poland.,
teachersup_cutoff,TEACHER SUPPORT,"2014
2018
2022","11-year-olds
13-year-olds
15-year-olds",PERCENT,"Young people were asked how much they agreed or disagreed with three statements about their teachers, and their responses were combined into a mean score from 1 to 5. Findings presented here are the proportions of pupils who reported teacher support of 4 or higher. ", who report feeling high teacher support,Note: country/region name in bold indicates a significant gender difference (at P < 0.05).,Significance of gender differences is not presented.  ,No data are presented  for Latvia or Poland.,,Prevalence by family affluence: high teacher support by country/region and gender,Note: bold indicates a significant difference in prevalence by family affluence group (at P < 0.05). Low- and high-affluence groups represent the lowest 20% and highest 20% in each country/region.,Significance of prevalence differences by affluence group is not presented.  No data are presented for Armenia and Lithuania.  ,No data are presented  for Latvia or Poland.,
sch_pressure,SCHOOLWORK PRESSURE,"2014
2018
2022","11-year-olds
13-year-olds
15-year-olds",PERCENT,Young people were asked how pressured they feel by the schoolwork they have to do. Response options ranged from not at all to a lot. Findings presented here show the proportions who reported feeling pressured by schoolwork some or a lot. , who feel pressured by schoolwork,Note: country/region name in bold indicates a significant gender difference (at P < 0.05).,,,,Prevalence by family affluence: pressured by schoolwork by country/region and gender,Note: bold indicates a significant difference in prevalence by family affluence group (at P < 0.05). Low- and high-affluence groups represent the lowest 20% and highest 20% in each country/region., No data are presented for Armenia and Lithuania.  ,,
sch_satis,SCHOOL SATISFACTION (LIKING SCHOOL),"2014
2018
2022","11-year-olds
13-year-olds
15-year-olds",PERCENT,Young people were asked how they feel about school at present. Response options ranged from I like it a lot to I don’t like it at all. Findings presented here show the proportions who reported liking school a lot. , who like school a lot,Note: country/region name in bold indicates a significant gender difference (at P < 0.05).,,,,Prevalence by family affluence: like school a lot by country/region and gender,Note: bold indicates a significant difference in prevalence by family affluence group (at P < 0.05). Low- and high-affluence groups represent the lowest 20% and highest 20% in each country/region., No data are presented for Armenia and Lithuania.  ,,
peersup_hi,PEER SUPPORT,"2014
2018
2022","11-year-olds
13-year-olds
15-year-olds",PERCENT,"Young people were asked if they perceive that their friends really try to help them, that they can count on them when things go wrong, if they had friends with whom they can share their sorrows and joys, and if they can talk to them about their problems. Response options ranged from very strongly disagree to very strongly agree, and responses were combined into a mean score ranging from 1 to 7.  Findings presented here show the proportions reporting an average score of 5.5 or more (high social support) on the peer section of the Multidimensional Scale of Perceived Social Support. ", who report feeling high peer support,Note: country/region name in bold indicates a significant gender difference (at P < 0.05).,"No data presented for Armenia, Canada, Denmark and Lithuania.",,No data presented from North Macedonia,Prevalence by family affluence: high peer support by country/region and gender,Note: bold indicates a significant difference in prevalence by family affluence group (at P < 0.05). Low- and high-affluence groups represent the lowest 20% and highest 20% in each country/region.,"No data presented for Armenia, Canada, Denmark and Lithuania.",,No data presented for North Macedonia
meal,FAMILY MEALS,"
2018
2022","11-year-olds
13-year-olds
15-year-olds",PERCENT,Young people were asked how often they eat a meal with their family. Findings presented here show the proportions reporting eating with their family every day., who eat a meal with family daily,Note: country/region name in bold indicates a significant gender difference (at P < 0.05).,No 2014 data,No data presented for Ireland and Switzerland,No data presented from Switzerland,Prevalence by family affluence: daily family meals by country/region and gender,Note: bold indicates a significant difference in prevalence by family affluence group (at P < 0.05). Low- and high-affluence groups represent the lowest 20% and highest 20% in each country/region.,No 2014 data,No data presented for Ireland and Switzerland,No data presented from Switzerland
talk_pa_easy,FAMILY COMMUNICATION: EASY COMMUNICATION WITH FATHER,"2014
2018
2022","11-year-olds
13-year-olds
15-year-olds",PERCENT,Young people were asked how easy it is for them to talk to their father about things that really bother them. Response options ranged from very easy to very difficult. Findings presented here show the proportions who reported finding it easy or very easy to talk to their father., who find it easy or very easy to talk to their father,Note: country/region name in bold indicates a significant gender difference (at P < 0.05).,,No data presented for Malta,No data presented from Slovakia ,Prevalence by family affluence: easy communication with father by country/region and gender,Note: bold indicates a significant difference in prevalence by family affluence group (at P < 0.05). Low- and high-affluence groups represent the lowest 20% and highest 20% in each country/region., No data are presented for Armenia and Lithuania.  ,No data presented for Malta,No data presented from Slovakia 
talk_ma_easy,FAMILY COMMUNICATION: EASY COMMUNICATION WITH MOTHER,"2014
2018
2022","11-year-olds
13-year-olds
15-year-olds",PERCENT,Young people were asked how easy it is for them to talk to their mother about things that really bother them. Response options ranged from very easy to very difficult. Findings presented here show the proportions who reported finding it easy or very easy to talk to their mother.,who find it easy or very easy to talk to their mother,Note: country/region name in bold indicates a significant gender difference (at P < 0.05).,,,No data presented from Slovakia ,Prevalence by family affluence: easy communication with mother by country/region and gender,Note: bold indicates a significant difference in prevalence by family affluence group (at P < 0.05). Low- and high-affluence groups represent the lowest 20% and highest 20% in each country/region., No data are presented for Armenia and Lithuania.  ,,No data presented from Slovakia 
famsup_hi,FAMILY SUPPORT,"2014
2018
2022","11-year-olds
13-year-olds
15-year-olds",PERCENT,"Young people were asked if they perceive that their family really tries to help them, that they can get emotional support from them when they need it, they can talk to their family about problems, and if the family is prepared to help them make decisions. Response options ranged from very strongly disagree to very strongly agree, and responses were combined into a mean score ranging from 1 to 7. Findings presented here show the proportions who scored 5.5 or more on the family section of the Multidimensional Scale of Perceived Social Support, categorized as high perceived family support.", who report feeling high family support,Note: country/region name in bold indicates a significant gender difference (at P < 0.05).,"No data presented for Canada, Denmark and Lithuania",No data presented for Denmark.,,Prevalence by family affluence: high family support by country/region and gender,Note: bold indicates a significant difference in prevalence by family affluence group (at P < 0.05). Low- and high-affluence groups represent the lowest 20% and highest 20% in each country/region.,"No data presented for Armenia, Canada, Denmark and Lithuania",No data presented for Denmark.,
d_parents,FAMILY STRUCTURE,"2014
2018
2022","11-year-olds
13-year-olds
15-year-olds",PERCENT,"Young people were asked about their family living arrangements and who they lived with most of the time. Findings presented here show the proportions who reported living primarily with both parents, within a stepfamily, within a single-parent family or some other arrangement (for instance, a foster home or cared for by non-parental family member).",,,,,No data presented from Slovakia and Switzerland. France did not include questions about step-parents.,,,,,